<?xml version="1.0" encoding="UTF-8" ?>
<module>
    <name>wepresta_acf</name>
    <displayName><![CDATA[WePresta ACF]]></displayName>
    <version><![CDATA[1.0.0]]></version>
    <description><![CDATA[Champs personnalis&eacute;s avanc&eacute;s pour PrestaShop - Constructeur de champs style ACF]]></description>
    <author><![CDATA[WePresta]]></author>
    <tab><![CDATA[administration]]></tab>
	<confirmUninstall><![CDATA[Supprimer tous les champs personnalisés et leurs valeurs ?]]></confirmUninstall>
    <is_configurable>1</is_configurable>
    <need_instance>0</need_instance>
</module>