{
    "version": "1.0",
    "exported_at": "2026-01-16T17:29:04+01:00",
    "module_version": "1.0.0",
    "prestashop_version": "9.0.2",
    "groups": [
        {
            "uuid": "0c2f2e13-6e7a-499c-8e59-5d98baafb0d1",
            "title": "Properties",
            "slug": "properties",
            "description": "",
            "location_rules": [
                {
                    "==": [
                        {
                            "var": "entity_type"
                        },
                        "cpt_post:property"
                    ]
                }
            ],
            "placement_tab": "extra",
            "placement_position": "",
            "position": 10,
            "priority": 10,
            "active": true,
            "bo_options": [],
            "fo_options": [],
            "shop_ids": [
                1
            ],
            "fields": [
                {
                    "id": 18,
                    "uuid": "18bb4482-3664-478e-8e40-46b6e580f423",
                    "id_parent": null,
                    "type": "text",
                    "title": "Reference",
                    "slug": "reference",
                    "instructions": "",
                    "position": 1,
                    "required": false,
                    "translatable": false,
                    "active": true,
                    "config": {
                        "placeholder": "Référence annonce"
                    },
                    "validation": [],
                    "conditions": [],
                    "wrapper": {
                        "width": "100"
                    },
                    "fo_options": {
                        "showTitle": true
                    }
                },
                {
                    "id": 19,
                    "uuid": "58f3d8bf-8c15-423a-aa70-2d80312cbde8",
                    "id_parent": null,
                    "type": "number",
                    "title": "Price",
                    "slug": "price",
                    "instructions": "",
                    "position": 2,
                    "required": false,
                    "translatable": false,
                    "active": true,
                    "config": {
                        "prefix": "CHF"
                    },
                    "validation": [],
                    "conditions": [],
                    "wrapper": {
                        "width": "100"
                    },
                    "fo_options": {
                        "showTitle": true
                    }
                },
                {
                    "id": 20,
                    "uuid": "e8816b43-5cc4-47e8-a62d-2776f9ba3056",
                    "id_parent": null,
                    "type": "number",
                    "title": "Surface",
                    "slug": "surface",
                    "instructions": "",
                    "position": 3,
                    "required": false,
                    "translatable": false,
                    "active": true,
                    "config": {
                        "suffix": "m2"
                    },
                    "validation": [],
                    "conditions": [],
                    "wrapper": {
                        "width": "100"
                    },
                    "fo_options": {
                        "showTitle": true
                    }
                },
                {
                    "id": 21,
                    "uuid": "099286ba-a1d3-4a48-8ab1-84e19df5fd8a",
                    "id_parent": null,
                    "type": "number",
                    "title": "Rooms",
                    "slug": "rooms",
                    "instructions": "",
                    "position": 4,
                    "required": false,
                    "translatable": false,
                    "active": true,
                    "config": [],
                    "validation": [],
                    "conditions": [],
                    "wrapper": {
                        "width": "100"
                    },
                    "fo_options": {
                        "showTitle": true
                    }
                },
                {
                    "id": 22,
                    "uuid": "848f1d60-8562-46f6-a3e0-e41abc978f57",
                    "id_parent": null,
                    "type": "number",
                    "title": "Bedrooms",
                    "slug": "bedrooms",
                    "instructions": "",
                    "position": 5,
                    "required": false,
                    "translatable": false,
                    "active": true,
                    "config": [],
                    "validation": [],
                    "conditions": [],
                    "wrapper": {
                        "width": "100"
                    },
                    "fo_options": {
                        "showTitle": true
                    }
                },
                {
                    "id": 23,
                    "uuid": "5a5f3054-c0cb-4e25-a929-2c6e7a0ace4c",
                    "id_parent": null,
                    "type": "number",
                    "title": "Bathrooms",
                    "slug": "bathrooms",
                    "instructions": "",
                    "position": 6,
                    "required": false,
                    "translatable": false,
                    "active": true,
                    "config": [],
                    "validation": [],
                    "conditions": [],
                    "wrapper": {
                        "width": "100"
                    },
                    "fo_options": {
                        "showTitle": true
                    }
                },
                {
                    "id": 24,
                    "uuid": "834bf0bb-f8c4-4f69-b118-25bcecad571f",
                    "id_parent": null,
                    "type": "number",
                    "title": "Floor",
                    "slug": "floor",
                    "instructions": "",
                    "position": 7,
                    "required": false,
                    "translatable": false,
                    "active": true,
                    "config": [],
                    "validation": [],
                    "conditions": [],
                    "wrapper": {
                        "width": "100"
                    },
                    "fo_options": {
                        "showTitle": true
                    }
                },
                {
                    "id": 25,
                    "uuid": "6429b85c-a28b-4a78-aad0-f57d145aeba7",
                    "id_parent": null,
                    "type": "number",
                    "title": "Construction Year",
                    "slug": "construction_year",
                    "instructions": "",
                    "position": 8,
                    "required": false,
                    "translatable": false,
                    "active": true,
                    "config": [],
                    "validation": [],
                    "conditions": [],
                    "wrapper": {
                        "width": "100"
                    },
                    "fo_options": {
                        "showTitle": true
                    }
                },
                {
                    "id": 26,
                    "uuid": "1a522d75-f09d-4974-acb7-1b5abbca2895",
                    "id_parent": null,
                    "type": "select",
                    "title": "Energy Rating",
                    "slug": "energy_rating",
                    "instructions": "",
                    "position": 9,
                    "required": false,
                    "translatable": false,
                    "active": true,
                    "config": {
                        "choices": [
                            {
                                "label": "",
                                "value": "choice_1",
                                "translations": {
                                    "1": "A"
                                }
                            },
                            {
                                "label": "",
                                "value": "choice_2",
                                "translations": {
                                    "1": "B"
                                }
                            },
                            {
                                "label": "",
                                "value": "choice_3",
                                "translations": {
                                    "1": "C"
                                }
                            },
                            {
                                "label": "",
                                "value": "choice_4",
                                "translations": {
                                    "1": "D"
                                }
                            },
                            {
                                "label": "",
                                "value": "choice_5",
                                "translations": {
                                    "1": "E"
                                }
                            }
                        ]
                    },
                    "validation": [],
                    "conditions": [],
                    "wrapper": {
                        "width": "100"
                    },
                    "fo_options": {
                        "showTitle": true
                    }
                },
                {
                    "id": 27,
                    "uuid": "84ae9e02-e02d-4417-9572-cdd6345d6b06",
                    "id_parent": null,
                    "type": "text",
                    "title": "Address",
                    "slug": "address",
                    "instructions": "",
                    "position": 10,
                    "required": false,
                    "translatable": false,
                    "active": true,
                    "config": [],
                    "validation": [],
                    "conditions": [],
                    "wrapper": {
                        "width": "100"
                    },
                    "fo_options": {
                        "showTitle": true
                    }
                },
                {
                    "id": 28,
                    "uuid": "fa363ab8-c47d-4658-a32a-1b2cffa23814",
                    "id_parent": null,
                    "type": "textarea",
                    "title": "Description",
                    "slug": "description",
                    "instructions": "",
                    "position": 11,
                    "required": false,
                    "translatable": false,
                    "active": true,
                    "config": [],
                    "validation": [],
                    "conditions": [],
                    "wrapper": {
                        "width": "100"
                    },
                    "fo_options": {
                        "showTitle": true
                    }
                },
                {
                    "id": 29,
                    "uuid": "6ec31c37-58eb-4757-9776-71ba898ce52d",
                    "id_parent": null,
                    "type": "checkbox",
                    "title": "Features",
                    "slug": "features",
                    "instructions": "",
                    "position": 12,
                    "required": false,
                    "translatable": false,
                    "active": true,
                    "config": {
                        "choices": [
                            {
                                "label": "",
                                "value": "choice_1",
                                "translations": {
                                    "1": "Parking"
                                }
                            },
                            {
                                "label": "",
                                "value": "choice_2",
                                "translations": {
                                    "1": "Cave"
                                }
                            },
                            {
                                "label": "",
                                "value": "choice_3",
                                "translations": {
                                    "1": "Balcon"
                                }
                            },
                            {
                                "label": "",
                                "value": "choice_4",
                                "translations": {
                                    "1": "Piscine"
                                }
                            }
                        ]
                    },
                    "validation": [],
                    "conditions": [],
                    "wrapper": {
                        "width": "100"
                    },
                    "fo_options": {
                        "showTitle": true
                    }
                },
                {
                    "id": 30,
                    "uuid": "9e120e84-cd33-419a-ad1d-5bad5289b88a",
                    "id_parent": null,
                    "type": "gallery",
                    "title": "Gallery",
                    "slug": "gallery",
                    "instructions": "",
                    "position": 13,
                    "required": false,
                    "translatable": false,
                    "active": true,
                    "config": [],
                    "validation": [],
                    "conditions": [],
                    "wrapper": {
                        "width": "100"
                    },
                    "fo_options": {
                        "showTitle": true
                    }
                },
                {
                    "id": 31,
                    "uuid": "4a837553-39b5-4d85-9ec0-8b865d8570dd",
                    "id_parent": null,
                    "type": "file",
                    "title": "Plan",
                    "slug": "plan",
                    "instructions": "",
                    "position": 14,
                    "required": false,
                    "translatable": false,
                    "active": true,
                    "config": {
                        "allowedMimes": [
                            "application/pdf"
                        ]
                    },
                    "validation": [],
                    "conditions": [],
                    "wrapper": {
                        "width": "100"
                    },
                    "fo_options": {
                        "showTitle": true
                    }
                },
                {
                    "id": 32,
                    "uuid": "3969d24d-c7b5-427f-ab8b-c5f6244903d7",
                    "id_parent": null,
                    "type": "date",
                    "title": "Available Date",
                    "slug": "available_date",
                    "instructions": "",
                    "position": 15,
                    "required": false,
                    "translatable": false,
                    "active": true,
                    "config": [],
                    "validation": [],
                    "conditions": [],
                    "wrapper": {
                        "width": "100"
                    },
                    "fo_options": {
                        "showTitle": true
                    }
                },
                {
                    "id": 33,
                    "uuid": "3285354a-117b-402d-8319-6d4f6853f143",
                    "id_parent": null,
                    "type": "image",
                    "title": "Image",
                    "slug": "image",
                    "instructions": "",
                    "position": 16,
                    "required": false,
                    "translatable": false,
                    "active": true,
                    "config": [],
                    "validation": [],
                    "conditions": [],
                    "wrapper": {
                        "width": "100"
                    },
                    "fo_options": {
                        "showTitle": true
                    }
                },
                {
                    "id": 34,
                    "uuid": "3bf0cd92-ce75-41ae-a90d-cc7f9487b670",
                    "id_parent": null,
                    "type": "text",
                    "title": "title",
                    "slug": "title",
                    "instructions": "",
                    "position": 16,
                    "required": false,
                    "translatable": false,
                    "active": true,
                    "config": [],
                    "validation": [],
                    "conditions": [],
                    "wrapper": {
                        "width": "100"
                    },
                    "fo_options": {
                        "showTitle": true
                    }
                }
            ],
            "field_values": [
                {
                    "field_slug": "reference",
                    "entity_type": "cpt_post",
                    "entity_id": 1,
                    "id_product": null,
                    "id_shop": 1,
                    "id_lang": null,
                    "value": "FHDJHEEUDE",
                    "value_index": "FHDJHEEUDE"
                },
                {
                    "field_slug": "price",
                    "entity_type": "cpt_post",
                    "entity_id": 1,
                    "id_product": null,
                    "id_shop": 1,
                    "id_lang": null,
                    "value": 490000,
                    "value_index": "+000490000.000000"
                },
                {
                    "field_slug": "surface",
                    "entity_type": "cpt_post",
                    "entity_id": 1,
                    "id_product": null,
                    "id_shop": 1,
                    "id_lang": null,
                    "value": 290,
                    "value_index": "+000000290.000000"
                },
                {
                    "field_slug": "rooms",
                    "entity_type": "cpt_post",
                    "entity_id": 1,
                    "id_product": null,
                    "id_shop": 1,
                    "id_lang": null,
                    "value": 5,
                    "value_index": "+000000005.000000"
                },
                {
                    "field_slug": "bedrooms",
                    "entity_type": "cpt_post",
                    "entity_id": 1,
                    "id_product": null,
                    "id_shop": 1,
                    "id_lang": null,
                    "value": 4,
                    "value_index": "+000000004.000000"
                },
                {
                    "field_slug": "bathrooms",
                    "entity_type": "cpt_post",
                    "entity_id": 1,
                    "id_product": null,
                    "id_shop": 1,
                    "id_lang": null,
                    "value": 4,
                    "value_index": "+000000004.000000"
                },
                {
                    "field_slug": "floor",
                    "entity_type": "cpt_post",
                    "entity_id": 1,
                    "id_product": null,
                    "id_shop": 1,
                    "id_lang": null,
                    "value": 2,
                    "value_index": "+000000002.000000"
                },
                {
                    "field_slug": "construction_year",
                    "entity_type": "cpt_post",
                    "entity_id": 1,
                    "id_product": null,
                    "id_shop": 1,
                    "id_lang": null,
                    "value": 2012,
                    "value_index": "+000002012.000000"
                },
                {
                    "field_slug": "energy_rating",
                    "entity_type": "cpt_post",
                    "entity_id": 1,
                    "id_product": null,
                    "id_shop": 1,
                    "id_lang": null,
                    "value": "choice_2",
                    "value_index": "choice_2"
                },
                {
                    "field_slug": "address",
                    "entity_type": "cpt_post",
                    "entity_id": 1,
                    "id_product": null,
                    "id_shop": 1,
                    "id_lang": null,
                    "value": "61 Rue des Bains 1205 Genève",
                    "value_index": "61 Rue des Bains 1205 Genève"
                },
                {
                    "field_slug": "description",
                    "entity_type": "cpt_post",
                    "entity_id": 1,
                    "id_product": null,
                    "id_shop": 1,
                    "id_lang": null,
                    "value": "Cette charmante maison en pierre de style traditionnel dispose d'un jardin soigneusement entretenu et de volets bleus élégants.\n\nElle offre un cadre de vie paisible avec un garage attenant, une entrée accueillante et une atmosphère chaleureuse.",
                    "value_index": "Cette charmante maison en pierre de style traditionnel dispose d'un jardin soigneusement entretenu et de volets bleus élégants.\n\nElle offre un cadre de vie paisible avec un garage attenant, une entrée accueillante et une atmosphère chaleureuse."
                },
                {
                    "field_slug": "features",
                    "entity_type": "cpt_post",
                    "entity_id": 1,
                    "id_product": null,
                    "id_shop": 1,
                    "id_lang": null,
                    "value": [
                        "choice_1",
                        "choice_2",
                        "choice_3",
                        "choice_4"
                    ],
                    "value_index": "choice_1,choice_2,choice_3,choice_4"
                },
                {
                    "field_slug": "gallery",
                    "entity_type": "cpt_post",
                    "entity_id": 1,
                    "id_product": null,
                    "id_shop": 1,
                    "id_lang": null,
                    "value": [
                        "13_0_1_1768577711_7ac3f243.png",
                        "images/13_0_1_1768577711_7ac3f243.png",
                        "/modules/wepresta_acf/uploads/images/13_0_1_1768577711_7ac3f243.png",
                        2491311,
                        "image/png",
                        "Gemini_Generated_Image_c032tpc032tpc032.png"
                    ],
                    "value_index": ""
                },
                {
                    "field_slug": "available_date",
                    "entity_type": "cpt_post",
                    "entity_id": 1,
                    "id_product": null,
                    "id_shop": 1,
                    "id_lang": null,
                    "value": 1769814000,
                    "value_index": "1769814000"
                },
                {
                    "field_slug": "image",
                    "entity_type": "cpt_post",
                    "entity_id": 1,
                    "id_product": null,
                    "id_shop": 1,
                    "id_lang": null,
                    "value": {
                        "filename": "16_0_1_1768577823_7a2d938d.png",
                        "path": "images/16_0_1_1768577823_7a2d938d.png",
                        "url": "/modules/wepresta_acf/uploads/images/16_0_1_1768577823_7a2d938d.png",
                        "size": 2491311,
                        "mime": "image/png",
                        "original_name": "Gemini_Generated_Image_c032tpc032tpc032.png"
                    },
                    "value_index": "Gemini_Generated_Image_c032tpc032tpc032.png"
                },
                {
                    "field_slug": "title",
                    "entity_type": "cpt_post",
                    "entity_id": 1,
                    "id_product": null,
                    "id_shop": 1,
                    "id_lang": null,
                    "value": "Maison de charme avec jardin",
                    "value_index": "Maison de charme avec jardin"
                },
                {
                    "field_slug": "address",
                    "entity_type": "cpt_post",
                    "entity_id": 2,
                    "id_product": null,
                    "id_shop": 1,
                    "id_lang": null,
                    "value": "61 Rue des Bains 1205 Genève",
                    "value_index": "61 Rue des Bains 1205 Genève"
                },
                {
                    "field_slug": "available_date",
                    "entity_type": "cpt_post",
                    "entity_id": 2,
                    "id_product": null,
                    "id_shop": 1,
                    "id_lang": null,
                    "value": 1769814000,
                    "value_index": "1769814000"
                },
                {
                    "field_slug": "bathrooms",
                    "entity_type": "cpt_post",
                    "entity_id": 2,
                    "id_product": null,
                    "id_shop": 1,
                    "id_lang": null,
                    "value": 4,
                    "value_index": "4"
                },
                {
                    "field_slug": "bedrooms",
                    "entity_type": "cpt_post",
                    "entity_id": 2,
                    "id_product": null,
                    "id_shop": 1,
                    "id_lang": null,
                    "value": 4,
                    "value_index": "4"
                },
                {
                    "field_slug": "construction_year",
                    "entity_type": "cpt_post",
                    "entity_id": 2,
                    "id_product": null,
                    "id_shop": 1,
                    "id_lang": null,
                    "value": 2012,
                    "value_index": "2012"
                },
                {
                    "field_slug": "description",
                    "entity_type": "cpt_post",
                    "entity_id": 2,
                    "id_product": null,
                    "id_shop": 1,
                    "id_lang": null,
                    "value": "Cette charmante maison en pierre de style traditionnel dispose d'un jardin soigneusement entretenu et de volets bleus élégants.\n\nElle offre un cadre de vie paisible avec un garage attenant, une entrée accueillante et une atmosphère chaleureuse.",
                    "value_index": "Cette charmante maison en pierre de style traditionnel dispose d'un jardin soigneusement entretenu et de volets bleus élégants.\n\nElle offre un cadre de vie paisible avec un garage attenant, une entrée accueillante et une atmosphère chaleureuse."
                },
                {
                    "field_slug": "energy_rating",
                    "entity_type": "cpt_post",
                    "entity_id": 2,
                    "id_product": null,
                    "id_shop": 1,
                    "id_lang": null,
                    "value": "choice_2",
                    "value_index": "choice_2"
                },
                {
                    "field_slug": "features",
                    "entity_type": "cpt_post",
                    "entity_id": 2,
                    "id_product": null,
                    "id_shop": 1,
                    "id_lang": null,
                    "value": [
                        "choice_1",
                        "choice_2",
                        "choice_3",
                        "choice_4"
                    ],
                    "value_index": "[\"choice_1\",\"choice_2\",\"choice_3\",\"choice_4\"]"
                },
                {
                    "field_slug": "floor",
                    "entity_type": "cpt_post",
                    "entity_id": 2,
                    "id_product": null,
                    "id_shop": 1,
                    "id_lang": null,
                    "value": 2,
                    "value_index": "2"
                },
                {
                    "field_slug": "gallery",
                    "entity_type": "cpt_post",
                    "entity_id": 2,
                    "id_product": null,
                    "id_shop": 1,
                    "id_lang": null,
                    "value": [
                        "13_0_1_1768577711_7ac3f243.png",
                        "images/13_0_1_1768577711_7ac3f243.png",
                        "/modules/wepresta_acf/uploads/images/13_0_1_1768577711_7ac3f243.png",
                        2491311,
                        "image/png",
                        "Gemini_Generated_Image_c032tpc032tpc032.png"
                    ],
                    "value_index": "[\"13_0_1_1768577711_7ac3f243.png\",\"images/13_0_1_1768577711_7ac3f243.png\",\"/modules/wepresta_acf/uploads/images/13_0_1_1768577711_7ac3f243.png\",2491311,\"image/png\",\"Gemini_Generated_Image_c032tpc032tpc032.png\"]"
                },
                {
                    "field_slug": "image",
                    "entity_type": "cpt_post",
                    "entity_id": 2,
                    "id_product": null,
                    "id_shop": 1,
                    "id_lang": null,
                    "value": {
                        "filename": "16_0_1_1768577823_7a2d938d.png",
                        "path": "images/16_0_1_1768577823_7a2d938d.png",
                        "url": "/modules/wepresta_acf/uploads/images/16_0_1_1768577823_7a2d938d.png",
                        "size": 2491311,
                        "mime": "image/png",
                        "original_name": "Gemini_Generated_Image_c032tpc032tpc032.png"
                    },
                    "value_index": "{\"filename\":\"16_0_1_1768577823_7a2d938d.png\",\"path\":\"images/16_0_1_1768577823_7a2d938d.png\",\"url\":\"/modules/wepresta_acf/uploads/images/16_0_1_1768577823_7a2d938d.png\",\"size\":2491311,\"mime\":\"image/png\",\"original_name\":\"Gemini_Generated_Image_c032tpc032tpc"
                },
                {
                    "field_slug": "price",
                    "entity_type": "cpt_post",
                    "entity_id": 2,
                    "id_product": null,
                    "id_shop": 1,
                    "id_lang": null,
                    "value": 490000,
                    "value_index": "490000"
                },
                {
                    "field_slug": "reference",
                    "entity_type": "cpt_post",
                    "entity_id": 2,
                    "id_product": null,
                    "id_shop": 1,
                    "id_lang": null,
                    "value": "FHDJHEEUDE",
                    "value_index": "FHDJHEEUDE"
                },
                {
                    "field_slug": "rooms",
                    "entity_type": "cpt_post",
                    "entity_id": 2,
                    "id_product": null,
                    "id_shop": 1,
                    "id_lang": null,
                    "value": 5,
                    "value_index": "5"
                },
                {
                    "field_slug": "surface",
                    "entity_type": "cpt_post",
                    "entity_id": 2,
                    "id_product": null,
                    "id_shop": 1,
                    "id_lang": null,
                    "value": 290,
                    "value_index": "290"
                },
                {
                    "field_slug": "title",
                    "entity_type": "cpt_post",
                    "entity_id": 2,
                    "id_product": null,
                    "id_shop": 1,
                    "id_lang": null,
                    "value": "Maison de charme avec jardin",
                    "value_index": "Maison de charme avec jardin"
                }
            ]
        }
    ],
    "cpt_types": [
        {
            "uuid": "9c68b624-0322-4337-9f58-4b4821345b82",
            "slug": "property",
            "name": "Property",
            "description": "",
            "config": [],
            "url_prefix": "property",
            "has_archive": true,
            "archive_slug": "",
            "seo_config": {
                "title_pattern": "{title} - {shop_name}",
                "description_pattern": ""
            },
            "icon": "article",
            "position": 0,
            "active": true,
            "translations": {
                "1": {
                    "id_wepresta_acf_cpt_type": 2,
                    "id_lang": 1,
                    "name": "Property",
                    "description": ""
                }
            },
            "acf_groups": [],
            "taxonomies": []
        }
    ],
    "cpt_taxonomies": [
        {
            "uuid": "5faefa76-e92d-45d5-910e-2465cc564684",
            "slug": "transaction",
            "name": "Transaction",
            "description": "",
            "hierarchical": true,
            "config": [],
            "active": true,
            "translations": {
                "1": {
                    "id_wepresta_acf_cpt_taxonomy": 3,
                    "id_lang": 1,
                    "name": "Transaction",
                    "description": ""
                }
            },
            "terms": [
                {
                    "slug": "vente",
                    "name": "Vente",
                    "description": "",
                    "position": 0,
                    "translations": []
                },
                {
                    "slug": "location",
                    "name": "Location",
                    "description": "",
                    "position": 0,
                    "translations": []
                }
            ]
        },
        {
            "uuid": "d37a18f0-51a5-4cd9-abc7-c2f7f65494e2",
            "slug": "property_type",
            "name": "Property Type",
            "description": "",
            "hierarchical": true,
            "config": [],
            "active": true,
            "translations": {
                "1": {
                    "id_wepresta_acf_cpt_taxonomy": 4,
                    "id_lang": 1,
                    "name": "Property Type",
                    "description": ""
                }
            },
            "terms": [
                {
                    "slug": "maison",
                    "name": "Maison",
                    "description": "",
                    "position": 0,
                    "translations": []
                },
                {
                    "slug": "appartement",
                    "name": "Appartement",
                    "description": "",
                    "position": 0,
                    "translations": []
                },
                {
                    "slug": "terrain",
                    "name": "Terrain",
                    "description": "",
                    "position": 0,
                    "translations": []
                }
            ]
        }
    ],
    "cpt_posts": [
        {
            "uuid": "2b4d79da-ab58-453e-8cc2-0b2c4e48164b",
            "type_slug": "property",
            "slug": "maison_1",
            "title": "Maison 1",
            "status": "draft",
            "seo_title": "",
            "seo_description": "",
            "seo_meta": [],
            "translations": {
                "1": {
                    "id_wepresta_acf_cpt_post": 2,
                    "id_lang": 1,
                    "title": "Maison 1",
                    "seo_title": "",
                    "seo_description": ""
                }
            },
            "terms": [
                "vente",
                "maison"
            ],
            "acf_values": {
                "address": "61 Rue des Bains 1205 Genève",
                "available_date": 1769814000,
                "bathrooms": 4,
                "bedrooms": 4,
                "construction_year": 2012,
                "description": "Cette charmante maison en pierre de style traditionnel dispose d'un jardin soigneusement entretenu et de volets bleus élégants.\n\nElle offre un cadre de vie paisible avec un garage attenant, une entrée accueillante et une atmosphère chaleureuse.",
                "energy_rating": "choice_2",
                "features": [
                    "choice_1",
                    "choice_2",
                    "choice_3",
                    "choice_4"
                ],
                "floor": 2,
                "gallery": [
                    "13_0_1_1768577711_7ac3f243.png",
                    "images/13_0_1_1768577711_7ac3f243.png",
                    "/modules/wepresta_acf/uploads/images/13_0_1_1768577711_7ac3f243.png",
                    2491311,
                    "image/png",
                    "Gemini_Generated_Image_c032tpc032tpc032.png"
                ],
                "image": {
                    "filename": "16_0_1_1768577823_7a2d938d.png",
                    "path": "images/16_0_1_1768577823_7a2d938d.png",
                    "url": "/modules/wepresta_acf/uploads/images/16_0_1_1768577823_7a2d938d.png",
                    "size": 2491311,
                    "mime": "image/png",
                    "original_name": "Gemini_Generated_Image_c032tpc032tpc032.png"
                },
                "price": 490000,
                "reference": "FHDJHEEUDE",
                "rooms": 5,
                "surface": 290,
                "title": "Maison de charme avec jardin"
            }
        }
    ],
    "timestamp": 1768580944,
    "updated_at": "2026-01-16T17:29:04+01:00"
}