{
    "version": "1.0",
    "exported_at": "2026-01-16T15:08:58+01:00",
    "module_version": "1.0.0",
    "prestashop_version": "9.0.2",
    "groups": [
        {
            "uuid": "213289ad-f0d2-41db-84eb-d2d2dbb2ee63",
            "title": "test",
            "slug": "test",
            "description": "",
            "location_rules": [
                {
                    "==": [
                        {
                            "var": "entity_type"
                        },
                        "cpt_post:blog"
                    ]
                }
            ],
            "placement_tab": "extra",
            "placement_position": "",
            "position": 10,
            "priority": 10,
            "active": true,
            "bo_options": [],
            "fo_options": [],
            "shop_ids": [
                1
            ],
            "fields": [
                {
                    "id": 3,
                    "uuid": "d73f52f4-c835-4c32-a286-eb5e5687cce2",
                    "id_parent": null,
                    "type": "text",
                    "title": "Text Field",
                    "slug": "text_field",
                    "instructions": "",
                    "position": 1,
                    "required": false,
                    "translatable": false,
                    "active": true,
                    "config": [],
                    "validation": [],
                    "conditions": [],
                    "wrapper": {
                        "width": "100"
                    },
                    "fo_options": []
                },
                {
                    "id": 4,
                    "uuid": "5da4c315-734f-4966-a7b4-934c6aa95fdc",
                    "id_parent": null,
                    "type": "richtext",
                    "title": "Rich Text Editor",
                    "slug": "rich_text_editor",
                    "instructions": "",
                    "position": 1,
                    "required": false,
                    "translatable": false,
                    "active": true,
                    "config": [],
                    "validation": [],
                    "conditions": [],
                    "wrapper": {
                        "width": "100"
                    },
                    "fo_options": []
                }
            ],
            "field_values": [
                {
                    "field_slug": "text_field",
                    "entity_type": "cpt_post",
                    "entity_id": 1,
                    "id_product": null,
                    "id_shop": 1,
                    "id_lang": null,
                    "value": "dedede",
                    "value_index": "dedede"
                },
                {
                    "field_slug": "text_field",
                    "entity_type": "cpt_post",
                    "entity_id": 2,
                    "id_product": null,
                    "id_shop": 1,
                    "id_lang": null,
                    "value": "dedede",
                    "value_index": "dedede"
                },
                {
                    "field_slug": "text_field",
                    "entity_type": "cpt_post",
                    "entity_id": 3,
                    "id_product": null,
                    "id_shop": 1,
                    "id_lang": null,
                    "value": "dedede",
                    "value_index": "dedede"
                }
            ]
        }
    ],
    "cpt_types": [],
    "cpt_taxonomies": [
        {
            "uuid": "ca7afadc-0472-4b70-8044-dfe4a9d91363",
            "slug": "marketing",
            "name": "Marketing",
            "description": "",
            "hierarchical": true,
            "config": [],
            "active": true,
            "translations": {
                "2": {
                    "id_wepresta_acf_cpt_taxonomy": 3,
                    "id_lang": 2,
                    "name": "Marketing",
                    "description": ""
                }
            },
            "terms": [
                {
                    "slug": "tech",
                    "name": "Tech",
                    "description": "",
                    "position": 0,
                    "translations": []
                },
                {
                    "slug": "tech-2",
                    "name": "Tech 2",
                    "description": "",
                    "position": 0,
                    "translations": []
                }
            ]
        }
    ],
    "cpt_posts": [],
    "timestamp": 1768572538,
    "updated_at": "2026-01-16T15:08:58+01:00"
}